{"count":1,"self":1225.6265216,"total":5110.6130814,"children":{"InitializeActuators":{"count":1,"self":0.0025406,"total":0.0025406,"children":null},"InitializeSensors":{"count":1,"self":0.0035621,"total":0.0035621,"children":null},"AgentSendState":{"count":2499918,"self":6.0311352,"total":39.3072978,"children":{"CollectObservations":{"count":499984,"self":17.1868992,"total":17.1868993,"children":null},"WriteActionMask":{"count":499984,"self":0.60544029999999993,"total":0.60544029999999993,"children":null},"RequestDecision":{"count":499984,"self":3.3265461999999997,"total":15.4838229,"children":{"AgentInfo.ToProto":{"count":499984,"self":3.9912303999999996,"total":12.157276699999999,"children":{"GenerateSensorData":{"count":499984,"self":8.166046399999999,"total":8.1660460999999991,"children":null}}}}}}},"DecideAction":{"count":2499918,"self":3831.5831295999997,"total":3831.5832422999997,"children":null},"AgentAct":{"count":2499918,"self":13.8048784,"total":13.804878599999999,"children":null},"AgentInfo.ToProto":{"count":10718,"self":0.1097513,"total":0.2830451,"children":{"GenerateSensorData":{"count":10718,"self":0.1732938,"total":0.1732938,"children":null}}}},"gauges":{"MoveToGoal.CumulativeReward":{"count":10718,"max":54.62021,"min":-2.64838171,"runningAverage":9.00132,"value":14.0675583,"weightedAverage":9.056547}},"metadata":{"timer_format_version":"0.1.0","start_time_seconds":"1746362126","unity_version":"6000.0.40f1","command_line_arguments":"C:\\Program Files\\Unity\\Hub\\Editor\\6000.0.40f1\\Editor\\Unity.exe -projectpath C:\\Users\\Nicole Minar Widjaja\\Documents\\BINUS STUFF\\Saxion CSA\\AdvancedToolsML -useHub -hubIPC -cloudEnvironment production","communication_protocol_version":"1.5.0","com.unity.ml-agents_version":"3.0.0","scene_name":"SAC","end_time_seconds":"1746367237"}}