{"count":1,"self":1870.2432256,"total":9319.0183342,"children":{"InitializeActuators":{"count":1,"self":0.0031157999999999997,"total":0.0031157999999999997,"children":null},"InitializeSensors":{"count":1,"self":0.0015455999999999998,"total":0.0015455999999999998,"children":null},"AgentSendState":{"count":3023118,"self":9.5499888,"total":519.4745283,"children":{"CollectObservations":{"count":604624,"self":480.6039552,"total":480.60396319999995,"children":null},"WriteActionMask":{"count":604624,"self":1.0175576,"total":1.0175576,"children":null},"RequestDecision":{"count":604624,"self":4.9479251999999994,"total":28.303018899999998,"children":{"AgentInfo.ToProto":{"count":604624,"self":8.3370264,"total":23.355093699999998,"children":{"GenerateSensorData":{"count":604624,"self":15.018067199999999,"total":15.018067299999998,"children":null}}}}}}},"DecideAction":{"count":3023118,"self":6852.6534655999994,"total":6852.6533049,"children":null},"AgentAct":{"count":3023118,"self":76.33126399999999,"total":76.3312669,"children":null},"AgentInfo.ToProto":{"count":8503,"self":0.12488959999999999,"total":0.309048,"children":{"GenerateSensorData":{"count":8503,"self":0.1841584,"total":0.1841584,"children":null}}}},"gauges":{"MoveToGoal.CumulativeReward":{"count":8503,"max":39.63836,"min":-0.68110764,"runningAverage":27.6405849,"value":15.8706055,"weightedAverage":20.1647873}},"metadata":{"timer_format_version":"0.1.0","start_time_seconds":"1746097429","unity_version":"6000.0.40f1","command_line_arguments":"C:\\Program Files\\Unity\\Hub\\Editor\\6000.0.40f1\\Editor\\Unity.exe -projectpath C:\\Users\\Nicole Minar Widjaja\\Documents\\BINUS STUFF\\Saxion CSA\\AdvancedToolsML -useHub -hubIPC -cloudEnvironment production","communication_protocol_version":"1.5.0","com.unity.ml-agents_version":"3.0.0","scene_name":"SampleScene","end_time_seconds":"1746106747"}}