{
    "name": "root",
    "gauges": {
        "MoveToGoal.Policy.Entropy.mean": {
            "value": 0.6331182718276978,
            "min": 0.6331182718276978,
            "max": 0.8112517595291138,
            "count": 10
        },
        "MoveToGoal.Policy.Entropy.sum": {
            "value": 31659.712890625,
            "min": 31659.712890625,
            "max": 40571.51171875,
            "count": 10
        },
        "MoveToGoal.Environment.EpisodeLength.mean": {
            "value": 66.76390773405699,
            "min": 52.60235798499464,
            "max": 66.76390773405699,
            "count": 10
        },
        "MoveToGoal.Environment.EpisodeLength.sum": {
            "value": 49205.0,
            "min": 49049.0,
            "max": 49277.0,
            "count": 10
        },
        "MoveToGoal.Step.mean": {
            "value": 499944.0,
            "min": 49982.0,
            "max": 499944.0,
            "count": 10
        },
        "MoveToGoal.Step.sum": {
            "value": 499944.0,
            "min": 49982.0,
            "max": 499944.0,
            "count": 10
        },
        "MoveToGoal.Policy.ExtrinsicValueEstimate.mean": {
            "value": 4.80201530456543,
            "min": 3.533154010772705,
            "max": 4.80201530456543,
            "count": 10
        },
        "MoveToGoal.Policy.ExtrinsicValueEstimate.sum": {
            "value": 5335.0390625,
            "min": 4571.9013671875,
            "max": 5335.0390625,
            "count": 10
        },
        "MoveToGoal.Environment.CumulativeReward.mean": {
            "value": 11.750390014674283,
            "min": 6.585671868702884,
            "max": 11.750390014674283,
            "count": 10
        },
        "MoveToGoal.Environment.CumulativeReward.sum": {
            "value": 8671.78783082962,
            "min": 6137.846181631088,
            "max": 8671.78783082962,
            "count": 10
        },
        "MoveToGoal.Policy.ExtrinsicReward.mean": {
            "value": 11.750390014674283,
            "min": 6.585671868702884,
            "max": 11.750390014674283,
            "count": 10
        },
        "MoveToGoal.Policy.ExtrinsicReward.sum": {
            "value": 8671.78783082962,
            "min": 6137.846181631088,
            "max": 8671.78783082962,
            "count": 10
        },
        "MoveToGoal.Losses.PolicyLoss.mean": {
            "value": 0.02751857609395908,
            "min": 0.020311785946638943,
            "max": 0.02751857609395908,
            "count": 10
        },
        "MoveToGoal.Losses.PolicyLoss.sum": {
            "value": 0.1375928804697954,
            "min": 0.09266005239333026,
            "max": 0.1375928804697954,
            "count": 10
        },
        "MoveToGoal.Losses.ValueLoss.mean": {
            "value": 5.047490542729696,
            "min": 5.047490542729696,
            "max": 7.44709195693334,
            "count": 10
        },
        "MoveToGoal.Losses.ValueLoss.sum": {
            "value": 25.23745271364848,
            "min": 21.078902832667033,
            "max": 36.31357844670614,
            "count": 10
        },
        "MoveToGoal.Policy.LearningRate.mean": {
            "value": 1.6599214466960008e-05,
            "min": 1.6599214466960008e-05,
            "max": 0.00028461945512684995,
            "count": 10
        },
        "MoveToGoal.Policy.LearningRate.sum": {
            "value": 8.299607233480003e-05,
            "min": 8.299607233480003e-05,
            "max": 0.0012844842718385998,
            "count": 10
        },
        "MoveToGoal.Policy.Epsilon.mean": {
            "value": 0.10553304,
            "min": 0.10553304,
            "max": 0.19487315,
            "count": 10
        },
        "MoveToGoal.Policy.Epsilon.sum": {
            "value": 0.5276652,
            "min": 0.5001819999999999,
            "max": 0.9281614,
            "count": 10
        },
        "MoveToGoal.Policy.Beta.mean": {
            "value": 0.0002860986960000002,
            "min": 0.0002860986960000002,
            "max": 0.0047441701849999995,
            "count": 10
        },
        "MoveToGoal.Policy.Beta.sum": {
            "value": 0.001430493480000001,
            "min": 0.001430493480000001,
            "max": 0.02141525386,
            "count": 10
        },
        "MoveToGoal.IsTraining.mean": {
            "value": 1.0,
            "min": 1.0,
            "max": 1.0,
            "count": 10
        },
        "MoveToGoal.IsTraining.sum": {
            "value": 1.0,
            "min": 1.0,
            "max": 1.0,
            "count": 10
        }
    },
    "metadata": {
        "timer_format_version": "0.1.0",
        "start_time_seconds": "1745878427",
        "python_version": "3.10.11 (tags/v3.10.11:7d4cc5a, Apr  5 2023, 00:38:17) [MSC v.1929 64 bit (AMD64)]",
        "command_line_arguments": "C:\\Users\\Nicole Minar Widjaja\\Documents\\BINUS STUFF\\Saxion CSA\\AdvancedToolsML\\venv\\Scripts\\mlagents-learn results\\ppo\\configuration.yaml --run-id=PPOv2p3 --initialize-from=PPOv2p2",
        "mlagents_version": "1.1.0",
        "mlagents_envs_version": "1.1.0",
        "communication_protocol_version": "1.5.0",
        "pytorch_version": "2.7.0+cpu",
        "numpy_version": "1.23.5",
        "end_time_seconds": "1745884891"
    },
    "total": 6464.320941799961,
    "count": 1,
    "self": 0.02733569993870333,
    "children": {
        "run_training.setup": {
            "total": 0.22903990000486374,
            "count": 1,
            "self": 0.22903990000486374
        },
        "TrainerController.start_learning": {
            "total": 6464.064566200017,
            "count": 1,
            "self": 20.37493198917946,
            "children": {
                "TrainerController._reset_env": {
                    "total": 20.374077400017995,
                    "count": 1,
                    "self": 20.374077400017995
                },
                "TrainerController.advance": {
                    "total": 6423.149867810833,
                    "count": 506432,
                    "self": 19.897624519944657,
                    "children": {
                        "env_step": {
                            "total": 6126.182339676365,
                            "count": 506432,
                            "self": 4063.320670124842,
                            "children": {
                                "SubprocessEnvManager._take_step": {
                                    "total": 2048.6513907750486,
                                    "count": 506432,
                                    "self": 56.111537998192944,
                                    "children": {
                                        "TorchPolicy.evaluate": {
                                            "total": 1992.5398527768557,
                                            "count": 500008,
                                            "self": 1992.5398527768557
                                        }
                                    }
                                },
                                "workers": {
                                    "total": 14.210278776474297,
                                    "count": 506432,
                                    "self": 0.0,
                                    "children": {
                                        "worker_root": {
                                            "total": 6417.057595938502,
                                            "count": 506432,
                                            "is_parallel": true,
                                            "self": 3489.693253461737,
                                            "children": {
                                                "steps_from_proto": {
                                                    "total": 0.00046230002772063017,
                                                    "count": 1,